insert into exercise (id, level, name, description, audio_url, points, required_points) values (1, 0, 'Chromatic - Exercise 1', 'Chromatic basics', 'url', 20, 0);

insert into song (name, artist, genre, id, image_url) values ('Again', 'Flyleaf', 'ROCK', 1, 'https://i.scdn.co/image/ab67616d0000b27303716938180fa7f952eb8660');
insert into song (name, artist, genre, id, image_url) values ('Bat Country', 'Avenged Sevenfold', 'METAL', 2, 'https://i.scdn.co/image/ab67616d0000b27391b3adb195fd4017fd3d6400');
insert into song (name, artist, genre, id, image_url) values ('Master of Puppets', 'Metallica', 'METAL', 3, 'https://ecsmedia.pl/c/master-of-puppets-pl-b-iext127592145.jpg');
insert into song (name, artist, genre, id, image_url) values ('For Whom The Bell Tolls', 'Metallica', 'METAL', 4, 'https://lastfm.freetls.fastly.net/i/u/300x300/9c2d54d8e7658b8d1a4f6ee607e4e1cb.jpg');
insert into song (name, artist, genre, id, image_url) values ('Children of the Grave', 'Black Sabbath', 'METAL', 5, 'https://lastfm.freetls.fastly.net/i/u/500x500/fb68a304171150fb9400f900427e933f.jpg');
insert into song (name, artist, genre, id, image_url) values ('Fury of the Storm', 'DragonForce', 'METAL', 6, 'https://lastfm.freetls.fastly.net/i/u/300x300/0c7e0dfeaed6b0db3838b88f68ec5c32.jpg');
insert into song (name, artist, genre, id, image_url) values ('Holy Wars... The Punishment Due', 'Megadeth', 'METAL', 7, 'https://lastfm.freetls.fastly.net/i/u/300x300/0fb544895d9f0cf21d56a002694cf4c1.jpg');
insert into song (name, artist, genre, id, image_url) values ('How You Remind Me', 'Nickelback', 'ROCK', 8, 'https://lastfm.freetls.fastly.net/i/u/300x300/bc0da6d1fe944cddcc90411addf7c2d3.jpg');
insert into song (name, artist, genre, id, image_url) values ('Funky Monks', 'Red Hot Chili Peppers', 'FUNK', 9, 'https://lastfm.freetls.fastly.net/i/u/300x300/2b37a4703ed774a5ab83de7168e476ca.jpg');
insert into song (name, artist, genre, id, image_url) values ('Octopus Garden', 'The Beatles', 'POP', 10, 'https://lastfm.freetls.fastly.net/i/u/500x500/a4bbf73ba62024be279364e867b0ca20.jpg');
insert into song (name, artist, genre, id, image_url) values ('Minor Swing', 'Django Reinhardt', 'JAZZ', 11, 'https://lastfm.freetls.fastly.net/i/u/300x300/7f55ef409be34619c63d6c2e9a294b06.jpg');
insert into song (name, artist, genre, id, image_url) values ('Cliffs of Dover', 'Eric Johnson', 'ROCK', 12, 'https://lastfm.freetls.fastly.net/i/u/300x300/7643f3b91c20daa0079a2f6b8ec6e075.jpg');
insert into song (name, artist, genre, id, image_url) values ('The Valley Runs Low', 'Joe Bonamassa', 'BLUES', 13, 'https://lastfm.freetls.fastly.net/i/u/500x500/e9e18f1973463297f0c54c1bddc4066f.jpg');
insert into song (name, artist, genre, id, image_url) values ('Take Me Home, Country Roads', 'John Denver', 'COUNTRY', 14, 'https://lastfm.freetls.fastly.net/i/u/300x300/10da75dda1c1df4357280824d800f3b9.jpg');

insert into tab (id, song_id, level, tab_type, guitar_type, tuning, rate, rate_number, url) values (1, 1, 1, 1, 0, 0, 0, 0, 'https://example.com/tab1');
insert into tab (id, song_id, level, tab_type, guitar_type, tuning, rate, rate_number, url) values (2, 2, 3, 1, 0, 0, 0, 0, 'https://example.com/tab1');
insert into tab (id, song_id, level, tab_type, guitar_type, tuning, rate, rate_number, url) values (3, 3, 3, 1, 0, 0, 0, 0, 'https://example.com/tab1');
insert into tab (id, song_id, level, tab_type, guitar_type, tuning, rate, rate_number, url) values (4, 4, 1, 1, 0, 0, 0, 0, 'https://example.com/tab1');
insert into tab (id, song_id, level, tab_type, guitar_type, tuning, rate, rate_number, url) values (5, 5, 2, 1, 0, 0, 0, 0, 'https://example.com/tab1');
insert into tab (id, song_id, level, tab_type, guitar_type, tuning, rate, rate_number, url) values (6, 6, 3, 1, 0, 0, 0, 0, 'https://example.com/tab1');
insert into tab (id, song_id, level, tab_type, guitar_type, tuning, rate, rate_number, url) values (7, 7, 0, 1, 0, 0, 0, 0, 'https://example.com/tab1');
insert into tab (id, song_id, level, tab_type, guitar_type, tuning, rate, rate_number, url) values (8, 8, 1, 1, 0, 0, 0, 0, 'https://example.com/tab1');
insert into tab (id, song_id, level, tab_type, guitar_type, tuning, rate, rate_number, url) values (9, 9, 2, 1, 0, 0, 0, 0, 'https://example.com/tab1');
insert into tab (id, song_id, level, tab_type, guitar_type, tuning, rate, rate_number, url) values (10, 10, 2, 1, 0, 0, 0, 0, 'https://example.com/tab1');
insert into tab (id, song_id, level, tab_type, guitar_type, tuning, rate, rate_number, url) values (11, 11, 2, 1, 0, 0, 0, 0, 'https://example.com/tab1');
insert into tab (id, song_id, level, tab_type, guitar_type, tuning, rate, rate_number, url) values (12, 12, 3, 1, 0, 0, 0, 0, 'https://example.com/tab1');
insert into tab (id, song_id, level, tab_type, guitar_type, tuning, rate, rate_number, url) values (13, 13, 2, 1, 0, 0, 0, 0, 'https://example.com/tab1');
insert into tab (id, song_id, level, tab_type, guitar_type, tuning, rate, rate_number, url) values (14, 14, 1, 1, 0, 0, 0, 0, 'https://example.com/tab1');
insert into tab (id, song_id, level, tab_type, guitar_type, tuning, rate, rate_number, url) values (15, 2, 1, 1, 0, 0, 0, 0, 'https://example.com/tab1');

insert into users (id, email, name, guitar_type, level, points) values (1, 'test@onet.pl', 'test test 123', 1, 1, 1);
insert into users (id, email, name, guitar_type, level, points) values (2, 'test2@onet.pl', 'test test 124', 1, 1, 2);


